{
    "t5": {
        "accuracy": 0.0,
        "precision": 0.19642857142857142,
        "recall": 0.05,
        "f1_score": 0.07971014492753623
    }
}